currencyRateId,currencyRateDate,fromCurrencyCode,toCurrencyCode,averageRate,endOfDayRate
1,2011-05-31T00:00:00,USD,ARS,1.0,1.0002
2,2011-05-31T00:00:00,USD,AUD,1.5491,1.55
3,2011-05-31T00:00:00,USD,BRL,1.9379,1.9419
4,2011-05-31T00:00:00,USD,CAD,1.4641,1.4683
5,2011-05-31T00:00:00,USD,CNY,8.2781,8.2784
6,2011-05-31T00:00:00,USD,DEM,1.8967,1.8976
7,2011-05-31T00:00:00,USD,EUR,0.9697,0.9703
8,2011-05-31T00:00:00,USD,FRF,6.3611,6.3613
9,2011-05-31T00:00:00,USD,GBP,0.6183,0.6183
10,2011-05-31T00:00:00,USD,JPY,104.91,104.958
11,2011-05-31T00:00:00,USD,MXN,9.374,9.384
12,2011-05-31T00:00:00,USD,SAR,3.7507,3.7584
13,2011-05-31T00:00:00,USD,VEB,634.5099,634.6
14,2011-06-01T00:00:00,USD,ARS,1.0,0.9991
15,2011-06-01T00:00:00,USD,AUD,1.5559,1.5558
16,2011-06-01T00:00:00,USD,BRL,1.9339,1.933
17,2011-06-01T00:00:00,USD,CAD,1.4661,1.4637
18,2011-06-01T00:00:00,USD,CNY,8.2781,8.2774
19,2011-06-01T00:00:00,USD,DEM,1.8924,1.8922
20,2011-06-01T00:00:00,USD,EUR,0.9676,0.967
21,2011-06-01T00:00:00,USD,FRF,6.3468,6.3465
22,2011-06-01T00:00:00,USD,GBP,0.6166,0.6162
23,2011-06-01T00:00:00,USD,JPY,105.7,105.674
24,2011-06-01T00:00:00,USD,MXN,9.3949,9.3919
25,2011-06-01T00:00:00,USD,SAR,3.7507,3.7507
26,2011-06-01T00:00:00,USD,VEB,634.25,634.24
27,2011-06-02T00:00:00,USD,ARS,1.0,1.0004
28,2011-06-02T00:00:00,USD,AUD,1.5592,1.5597
29,2011-06-02T00:00:00,USD,BRL,1.9359,1.944
30,2011-06-02T00:00:00,USD,CAD,1.4672,1.4734
31,2011-06-02T00:00:00,USD,CNY,8.2781,8.2789
32,2011-06-02T00:00:00,USD,DEM,1.8796,1.8802
33,2011-06-02T00:00:00,USD,EUR,0.961,0.9615
34,2011-06-02T00:00:00,USD,FRF,6.3041,6.3041
35,2011-06-02T00:00:00,USD,GBP,0.6156,0.6163
36,2011-06-02T00:00:00,USD,JPY,105.53,105.604
37,2011-06-02T00:00:00,USD,MXN,9.355,9.355
38,2011-06-02T00:00:00,USD,SAR,3.7505,3.757
39,2011-06-02T00:00:00,USD,VEB,634.75,634.7999
40,2011-06-03T00:00:00,USD,ARS,1.0,1.0
41,2011-06-03T00:00:00,USD,AUD,1.5645,1.5634
42,2011-06-03T00:00:00,USD,BRL,1.9295,1.925
43,2011-06-03T00:00:00,USD,CAD,1.4672,1.4609
44,2011-06-03T00:00:00,USD,CNY,8.2783,8.2782
45,2011-06-03T00:00:00,USD,DEM,1.8811,1.8801
46,2011-06-03T00:00:00,USD,EUR,0.9617,0.9617
47,2011-06-03T00:00:00,USD,FRF,6.309,6.308
48,2011-06-03T00:00:00,USD,GBP,0.6163,0.6159
49,2011-06-03T00:00:00,USD,JPY,105.77,105.682
50,2011-06-03T00:00:00,USD,MXN,9.346,9.3369
51,2011-06-03T00:00:00,USD,SAR,3.7492,3.7416
52,2011-06-03T00:00:00,USD,VEB,635.75,635.6599
53,2011-06-04T00:00:00,USD,ARS,1.0,1.0004
54,2011-06-04T00:00:00,USD,AUD,1.5667,1.567
55,2011-06-04T00:00:00,USD,BRL,1.9319,1.937
56,2011-06-04T00:00:00,USD,CAD,1.464,1.4673
57,2011-06-04T00:00:00,USD,CNY,8.2784,8.2788
58,2011-06-04T00:00:00,USD,DEM,1.8978,1.8984
59,2011-06-04T00:00:00,USD,EUR,0.9704,0.9711
60,2011-06-04T00:00:00,USD,FRF,6.3654,6.3658
61,2011-06-04T00:00:00,USD,GBP,0.6185,0.6186
62,2011-06-04T00:00:00,USD,JPY,106.11,106.182
63,2011-06-04T00:00:00,USD,MXN,9.335,9.3369
64,2011-06-04T00:00:00,USD,SAR,3.7507,3.7606
65,2011-06-04T00:00:00,USD,VEB,636.25,636.33
66,2011-06-05T00:00:00,USD,ARS,1.0,0.9995
67,2011-06-05T00:00:00,USD,AUD,1.5642,1.5636
68,2011-06-05T00:00:00,USD,BRL,1.933,1.925
69,2011-06-05T00:00:00,USD,CAD,1.4641,1.4563
70,2011-06-05T00:00:00,USD,CNY,8.2784,8.278
71,2011-06-05T00:00:00,USD,DEM,1.9007,1.8997
72,2011-06-05T00:00:00,USD,EUR,0.9718,0.9715
73,2011-06-05T00:00:00,USD,FRF,6.3746,6.3742
74,2011-06-05T00:00:00,USD,GBP,0.6179,0.6173
75,2011-06-05T00:00:00,USD,JPY,106.42,106.403
76,2011-06-05T00:00:00,USD,MXN,9.335,9.327
77,2011-06-05T00:00:00,USD,SAR,3.7507,3.75
78,2011-06-05T00:00:00,USD,VEB,636.25,636.25
79,2011-06-06T00:00:00,USD,ARS,1.0,1.0005
80,2011-06-06T00:00:00,USD,AUD,1.5645,1.5652
81,2011-06-06T00:00:00,USD,BRL,1.933,1.9379
82,2011-06-06T00:00:00,USD,CAD,1.4621,1.4661
83,2011-06-06T00:00:00,USD,CNY,8.2784,8.2784
84,2011-06-06T00:00:00,USD,DEM,1.8987,1.899
85,2011-06-06T00:00:00,USD,EUR,0.9708,0.9716
86,2011-06-06T00:00:00,USD,FRF,6.3678,6.3681
87,2011-06-06T00:00:00,USD,GBP,0.6177,0.6179
88,2011-06-06T00:00:00,USD,JPY,106.38,106.4479
89,2011-06-06T00:00:00,USD,MXN,9.335,9.3439
90,2011-06-06T00:00:00,USD,SAR,3.7509,3.7566
91,2011-06-06T00:00:00,USD,VEB,636.25,636.2899
92,2011-06-07T00:00:00,USD,ARS,1.0,0.9998
93,2011-06-07T00:00:00,USD,AUD,1.5679,1.5678
94,2011-06-07T00:00:00,USD,BRL,1.933,1.923
95,2011-06-07T00:00:00,USD,CAD,1.4623,1.4604
96,2011-06-07T00:00:00,USD,CNY,8.2784,8.2779
97,2011-06-07T00:00:00,USD,DEM,1.8965,1.8957
98,2011-06-07T00:00:00,USD,EUR,0.9697,0.969
99,2011-06-07T00:00:00,USD,FRF,6.3605,6.3605
100,2011-06-07T00:00:00,USD,GBP,0.6171,0.6163
101,2011-06-07T00:00:00,USD,JPY,105.74,105.7159
102,2011-06-07T00:00:00,USD,MXN,9.325,9.323
103,2011-06-07T00:00:00,USD,SAR,3.7507,3.741
104,2011-06-07T00:00:00,USD,VEB,636.3999,636.32
105,2011-06-08T00:00:00,USD,ARS,1.0,1.0008
106,2011-06-08T00:00:00,USD,AUD,1.5726,1.5734
107,2011-06-08T00:00:00,USD,BRL,1.933,1.9339
108,2011-06-08T00:00:00,USD,CAD,1.4658,1.4752
109,2011-06-08T00:00:00,USD,CNY,8.2783,8.2786
110,2011-06-08T00:00:00,USD,DEM,1.8967,1.8971
111,2011-06-08T00:00:00,USD,EUR,0.9697,0.9706
112,2011-06-08T00:00:00,USD,FRF,6.3611,6.3613
113,2011-06-08T00:00:00,USD,GBP,0.6159,0.6163
114,2011-06-08T00:00:00,USD,JPY,104.47,104.54
115,2011-06-08T00:00:00,USD,MXN,9.3399,9.3399
116,2011-06-08T00:00:00,USD,SAR,3.7507,3.7555
117,2011-06-08T00:00:00,USD,VEB,636.75,636.84
118,2011-06-09T00:00:00,USD,ARS,1.0,0.9998
119,2011-06-09T00:00:00,USD,AUD,1.581,1.581
120,2011-06-09T00:00:00,USD,BRL,1.929,1.9199
121,2011-06-09T00:00:00,USD,CAD,1.4678,1.4588
122,2011-06-09T00:00:00,USD,CNY,8.2783,8.2779
123,2011-06-09T00:00:00,USD,DEM,1.9117,1.9109
124,2011-06-09T00:00:00,USD,EUR,0.9774,0.977
125,2011-06-09T00:00:00,USD,FRF,6.4115,6.4109
126,2011-06-09T00:00:00,USD,GBP,0.6191,0.6189
127,2011-06-09T00:00:00,USD,JPY,104.56,104.548
128,2011-06-09T00:00:00,USD,MXN,9.307,9.2989
129,2011-06-09T00:00:00,USD,SAR,3.7507,3.7502
130,2011-06-09T00:00:00,USD,VEB,637.25,637.1699
131,2011-06-10T00:00:00,USD,ARS,1.0,1.0004
132,2011-06-10T00:00:00,USD,AUD,1.5768,1.5772
133,2011-06-10T00:00:00,USD,BRL,1.9299,1.931
134,2011-06-10T00:00:00,USD,CAD,1.4679,1.4738
135,2011-06-10T00:00:00,USD,CNY,8.237,8.2379
136,2011-06-10T00:00:00,USD,DEM,1.9192,1.9194
137,2011-06-10T00:00:00,USD,EUR,0.9812,0.9812
138,2011-06-10T00:00:00,USD,FRF,6.4366,6.4366
139,2011-06-10T00:00:00,USD,GBP,0.6202,0.621
140,2011-06-10T00:00:00,USD,JPY,104.41,104.459
141,2011-06-10T00:00:00,USD,MXN,9.31,9.3109
142,2011-06-10T00:00:00,USD,SAR,3.7507,3.7597
143,2011-06-10T00:00:00,USD,VEB,637.5,637.57
144,2011-06-11T00:00:00,USD,ARS,1.0,0.9991
145,2011-06-11T00:00:00,USD,AUD,1.5701,1.5694
146,2011-06-11T00:00:00,USD,BRL,1.9265,1.9219
147,2011-06-11T00:00:00,USD,CAD,1.4672,1.4662
148,2011-06-11T00:00:00,USD,CNY,8.237,8.2369
149,2011-06-11T00:00:00,USD,DEM,1.9292,1.9287
150,2011-06-11T00:00:00,USD,EUR,0.9864,0.9859
151,2011-06-11T00:00:00,USD,FRF,6.4702,6.4695
152,2011-06-11T00:00:00,USD,GBP,0.6208,0.62
153,2011-06-11T00:00:00,USD,JPY,103.99,103.909
154,2011-06-11T00:00:00,USD,MXN,9.3599,9.352
155,2011-06-11T00:00:00,USD,SAR,3.7505,3.7492
156,2011-06-11T00:00:00,USD,VEB,637.75,637.75
157,2011-06-12T00:00:00,USD,ARS,1.0,1.0004
158,2011-06-12T00:00:00,USD,AUD,1.5686,1.5687
159,2011-06-12T00:00:00,USD,BRL,1.9239,1.927
160,2011-06-12T00:00:00,USD,CAD,1.4678,1.4714
161,2011-06-12T00:00:00,USD,CNY,8.237,8.2373
162,2011-06-12T00:00:00,USD,DEM,1.9231,1.9236
163,2011-06-12T00:00:00,USD,EUR,0.9832,0.9834
164,2011-06-12T00:00:00,USD,FRF,6.4499,6.4505
165,2011-06-12T00:00:00,USD,GBP,0.6231,0.6232
166,2011-06-12T00:00:00,USD,JPY,101.85,101.923
167,2011-06-12T00:00:00,USD,MXN,9.3599,9.3599
168,2011-06-12T00:00:00,USD,SAR,3.7507,3.7524
169,2011-06-12T00:00:00,USD,VEB,638.5,638.58
170,2011-06-13T00:00:00,USD,ARS,1.0,0.9992
171,2011-06-13T00:00:00,USD,AUD,1.5769,1.5767
172,2011-06-13T00:00:00,USD,BRL,1.9239,1.9179
173,2011-06-13T00:00:00,USD,CAD,1.4683,1.4644
174,2011-06-13T00:00:00,USD,CNY,8.237,8.2367
175,2011-06-13T00:00:00,USD,DEM,1.9265,1.9262
176,2011-06-13T00:00:00,USD,EUR,0.9849,0.9844
177,2011-06-13T00:00:00,USD,FRF,6.4614,6.4607
178,2011-06-13T00:00:00,USD,GBP,0.6229,0.6227
179,2011-06-13T00:00:00,USD,JPY,102.55,102.4929
180,2011-06-13T00:00:00,USD,MXN,9.3599,9.358
181,2011-06-13T00:00:00,USD,SAR,3.7507,3.7448
182,2011-06-13T00:00:00,USD,VEB,638.5,638.4199
183,2011-06-14T00:00:00,USD,ARS,1.0,1.0007
184,2011-06-14T00:00:00,USD,AUD,1.5708,1.5708
185,2011-06-14T00:00:00,USD,BRL,1.9239,1.925
186,2011-06-14T00:00:00,USD,CAD,1.4724,1.4738
187,2011-06-14T00:00:00,USD,CNY,8.237,8.2375
188,2011-06-14T00:00:00,USD,DEM,1.9345,1.9353
189,2011-06-14T00:00:00,USD,EUR,0.989,0.9897
190,2011-06-14T00:00:00,USD,FRF,6.4882,6.4886
191,2011-06-14T00:00:00,USD,GBP,0.6238,0.6243
192,2011-06-14T00:00:00,USD,JPY,102.33,102.394
193,2011-06-14T00:00:00,USD,MXN,9.3499,9.351
194,2011-06-14T00:00:00,USD,SAR,3.7505,3.7595
195,2011-06-14T00:00:00,USD,VEB,638.5,638.5299
196,2011-06-15T00:00:00,USD,ARS,1.0,0.999
197,2011-06-15T00:00:00,USD,AUD,1.5741,1.5739
198,2011-06-15T00:00:00,USD,BRL,1.9239,1.9139
199,2011-06-15T00:00:00,USD,CAD,1.4742,1.4723
200,2011-06-15T00:00:00,USD,CNY,8.237,8.2367
201,2011-06-15T00:00:00,USD,DEM,1.9393,1.9391
202,2011-06-15T00:00:00,USD,EUR,0.9916,0.9907
203,2011-06-15T00:00:00,USD,FRF,6.5042,6.5038
204,2011-06-15T00:00:00,USD,GBP,0.6256,0.6247
205,2011-06-15T00:00:00,USD,JPY,102.09,102.055
206,2011-06-15T00:00:00,USD,MXN,9.3499,9.343
207,2011-06-15T00:00:00,USD,SAR,3.7505,3.7496
208,2011-06-15T00:00:00,USD,VEB,638.5,638.5
209,2011-06-16T00:00:00,USD,ARS,1.0,1.0007
210,2011-06-16T00:00:00,USD,AUD,1.5706,1.5712
211,2011-06-16T00:00:00,USD,BRL,1.9239,1.933
212,2011-06-16T00:00:00,USD,CAD,1.4744,1.4755
213,2011-06-16T00:00:00,USD,CNY,8.237,8.2372
214,2011-06-16T00:00:00,USD,DEM,1.9378,1.9379
215,2011-06-16T00:00:00,USD,EUR,0.9908,0.9911
216,2011-06-16T00:00:00,USD,FRF,6.4991,6.4999
217,2011-06-16T00:00:00,USD,GBP,0.6252,0.6256
218,2011-06-16T00:00:00,USD,JPY,102.34,102.406
219,2011-06-16T00:00:00,USD,MXN,9.3499,9.3499
220,2011-06-16T00:00:00,USD,SAR,3.7505,3.7545
221,2011-06-16T00:00:00,USD,VEB,638.5,638.5499
222,2011-06-17T00:00:00,USD,ARS,1.0,0.9991
223,2011-06-17T00:00:00,USD,AUD,1.5792,1.5786
224,2011-06-17T00:00:00,USD,BRL,1.9239,1.9219
225,2011-06-17T00:00:00,USD,CAD,1.48,1.4702
226,2011-06-17T00:00:00,USD,CNY,8.237,8.237
227,2011-06-17T00:00:00,USD,DEM,1.9443,1.9441
228,2011-06-17T00:00:00,USD,EUR,0.994,0.9939
229,2011-06-17T00:00:00,USD,FRF,6.521,6.5208
230,2011-06-17T00:00:00,USD,GBP,0.6254,0.6248
231,2011-06-17T00:00:00,USD,JPY,102.57,102.542
232,2011-06-17T00:00:00,USD,MXN,9.3499,9.348
233,2011-06-17T00:00:00,USD,SAR,3.7505,3.7442
234,2011-06-17T00:00:00,USD,VEB,638.5,638.48
235,2011-06-18T00:00:00,USD,ARS,1.0,1.0001
236,2011-06-18T00:00:00,USD,AUD,1.5823,1.5831
237,2011-06-18T00:00:00,USD,BRL,1.9239,1.933
238,2011-06-18T00:00:00,USD,CAD,1.4802,1.4861
239,2011-06-18T00:00:00,USD,CNY,8.237,8.2378
240,2011-06-18T00:00:00,USD,DEM,1.9531,1.9531
241,2011-06-18T00:00:00,USD,EUR,0.9986,0.999
242,2011-06-18T00:00:00,USD,FRF,6.5503,6.5511
243,2011-06-18T00:00:00,USD,GBP,0.6248,0.6254
244,2011-06-18T00:00:00,USD,JPY,102.47,102.477
245,2011-06-18T00:00:00,USD,MXN,9.3499,9.358
246,2011-06-18T00:00:00,USD,SAR,3.7505,3.7578
247,2011-06-18T00:00:00,USD,VEB,638.5,638.5099
248,2011-06-19T00:00:00,USD,ARS,1.0,0.9993
249,2011-06-19T00:00:00,USD,AUD,1.5825,1.5822
250,2011-06-19T00:00:00,USD,BRL,1.9239,1.9179
251,2011-06-19T00:00:00,USD,CAD,1.4823,1.4817
252,2011-06-19T00:00:00,USD,CNY,8.237,8.2367
253,2011-06-19T00:00:00,USD,DEM,1.9519,1.9516
254,2011-06-19T00:00:00,USD,EUR,0.998,0.9973
255,2011-06-19T00:00:00,USD,FRF,6.5465,6.5456
256,2011-06-19T00:00:00,USD,GBP,0.6248,0.6245
257,2011-06-19T00:00:00,USD,JPY,102.85,102.784
258,2011-06-19T00:00:00,USD,MXN,9.3499,9.345
259,2011-06-19T00:00:00,USD,SAR,3.7505,3.7482
260,2011-06-19T00:00:00,USD,VEB,638.5,638.4299
261,2011-06-20T00:00:00,USD,ARS,1.0,1.0004
262,2011-06-20T00:00:00,USD,AUD,1.5808,1.5817
263,2011-06-20T00:00:00,USD,BRL,1.9239,1.9279
264,2011-06-20T00:00:00,USD,CAD,1.4795,1.4872
265,2011-06-20T00:00:00,USD,CNY,8.237,8.237
266,2011-06-20T00:00:00,USD,DEM,1.951,1.9511
267,2011-06-20T00:00:00,USD,EUR,0.9975,0.9977
268,2011-06-20T00:00:00,USD,FRF,6.5431,6.5434
269,2011-06-20T00:00:00,USD,GBP,0.6245,0.6251
270,2011-06-20T00:00:00,USD,JPY,102.705,102.803
271,2011-06-20T00:00:00,USD,MXN,9.3499,9.352
272,2011-06-20T00:00:00,USD,SAR,3.7505,3.753
273,2011-06-20T00:00:00,USD,VEB,638.5,638.5499
274,2011-06-21T00:00:00,USD,ARS,1.0,0.9995
275,2011-06-21T00:00:00,USD,AUD,1.58,1.579
276,2011-06-21T00:00:00,USD,BRL,1.9239,1.9179
277,2011-06-21T00:00:00,USD,CAD,1.4799,1.4701
278,2011-06-21T00:00:00,USD,CNY,8.237,8.237
279,2011-06-21T00:00:00,USD,DEM,1.9271,1.9266
280,2011-06-21T00:00:00,USD,EUR,0.9852,0.9848
281,2011-06-21T00:00:00,USD,FRF,6.4633,6.4631
282,2011-06-21T00:00:00,USD,GBP,0.6211,0.6201
283,2011-06-21T00:00:00,USD,JPY,102.43,102.398
284,2011-06-21T00:00:00,USD,MXN,9.3499,9.3439
285,2011-06-21T00:00:00,USD,SAR,3.7505,3.7503
286,2011-06-21T00:00:00,USD,VEB,638.5,638.46
287,2011-06-22T00:00:00,USD,ARS,1.0,1.0004
288,2011-06-22T00:00:00,USD,AUD,1.5736,1.5739
289,2011-06-22T00:00:00,USD,BRL,1.9239,1.927
290,2011-06-22T00:00:00,USD,CAD,1.475,1.4793
291,2011-06-22T00:00:00,USD,CNY,8.237,8.2373
292,2011-06-22T00:00:00,USD,DEM,1.9128,1.9135
293,2011-06-22T00:00:00,USD,EUR,0.9779,0.9782
294,2011-06-22T00:00:00,USD,FRF,6.4151,6.4154
295,2011-06-22T00:00:00,USD,GBP,0.6159,0.6163
296,2011-06-22T00:00:00,USD,JPY,102.8,102.849
297,2011-06-22T00:00:00,USD,MXN,9.4649,9.4749
298,2011-06-22T00:00:00,USD,SAR,3.7505,3.758
299,2011-06-22T00:00:00,USD,VEB,638.5,638.57
300,2011-06-23T00:00:00,USD,ARS,1.0,0.999
301,2011-06-23T00:00:00,USD,AUD,1.5686,1.5685
302,2011-06-23T00:00:00,USD,BRL,1.866,1.865
303,2011-06-23T00:00:00,USD,CAD,1.4785,1.4717
304,2011-06-23T00:00:00,USD,CNY,8.237,8.2368
305,2011-06-23T00:00:00,USD,DEM,1.9085,1.9079
306,2011-06-23T00:00:00,USD,EUR,0.9758,0.9754
307,2011-06-23T00:00:00,USD,FRF,6.4008,6.4002
308,2011-06-23T00:00:00,USD,GBP,0.6149,0.614
309,2011-06-23T00:00:00,USD,JPY,102.815,102.77
310,2011-06-23T00:00:00,USD,MXN,9.4619,9.461
311,2011-06-23T00:00:00,USD,SAR,3.7507,3.7458
312,2011-06-23T00:00:00,USD,VEB,642.0099,642.0
313,2011-06-24T00:00:00,USD,ARS,1.0,1.0
314,2011-06-24T00:00:00,USD,AUD,1.5649,1.5653
315,2011-06-24T00:00:00,USD,BRL,1.868,1.87
316,2011-06-24T00:00:00,USD,CAD,1.4757,1.4832
317,2011-06-24T00:00:00,USD,CNY,8.237,8.2377
318,2011-06-24T00:00:00,USD,DEM,1.915,1.9153
319,2011-06-24T00:00:00,USD,EUR,0.979,0.9795
320,2011-06-24T00:00:00,USD,FRF,6.4227,6.423
321,2011-06-24T00:00:00,USD,GBP,0.6156,0.6158
322,2011-06-24T00:00:00,USD,JPY,102.96,103.044
323,2011-06-24T00:00:00,USD,MXN,9.435,9.442
324,2011-06-24T00:00:00,USD,SAR,3.7507,3.7597
325,2011-06-24T00:00:00,USD,VEB,642.5,642.58
326,2011-06-25T00:00:00,USD,ARS,0.9996,0.9989
327,2011-06-25T00:00:00,USD,AUD,1.5752,1.5745
328,2011-06-25T00:00:00,USD,BRL,1.866,1.861
329,2011-06-25T00:00:00,USD,CAD,1.4779,1.4725
330,2011-06-25T00:00:00,USD,CNY,8.237,8.237
331,2011-06-25T00:00:00,USD,DEM,1.9271,1.9265
332,2011-06-25T00:00:00,USD,EUR,0.9852,0.9847
333,2011-06-25T00:00:00,USD,FRF,6.4633,6.4631
334,2011-06-25T00:00:00,USD,GBP,0.6161,0.6159
335,2011-06-25T00:00:00,USD,JPY,102.42,102.408
336,2011-06-25T00:00:00,USD,MXN,9.4124,9.4079
337,2011-06-25T00:00:00,USD,SAR,3.7505,3.7412
338,2011-06-25T00:00:00,USD,VEB,642.75,642.73
339,2011-06-26T00:00:00,USD,ARS,0.9996,0.9997
340,2011-06-26T00:00:00,USD,AUD,1.5768,1.577
341,2011-06-26T00:00:00,USD,BRL,1.864,1.869
342,2011-06-26T00:00:00,USD,CAD,1.479,1.4806
343,2011-06-26T00:00:00,USD,CNY,8.237,8.2376
344,2011-06-26T00:00:00,USD,DEM,1.9301,1.9311
345,2011-06-26T00:00:00,USD,EUR,0.9869,0.9869
346,2011-06-26T00:00:00,USD,FRF,6.4734,6.4736
347,2011-06-26T00:00:00,USD,GBP,0.6166,0.6169
348,2011-06-26T00:00:00,USD,JPY,102.35,102.449
349,2011-06-26T00:00:00,USD,MXN,9.39,9.394
350,2011-06-26T00:00:00,USD,SAR,3.7507,3.7538
351,2011-06-26T00:00:00,USD,VEB,642.5,642.5399
352,2011-06-27T00:00:00,USD,ARS,0.9996,0.9993
353,2011-06-27T00:00:00,USD,AUD,1.5743,1.574
354,2011-06-27T00:00:00,USD,BRL,1.864,1.856
355,2011-06-27T00:00:00,USD,CAD,1.4774,1.477
356,2011-06-27T00:00:00,USD,CNY,8.237,8.237
357,2011-06-27T00:00:00,USD,DEM,1.9305,1.9298
358,2011-06-27T00:00:00,USD,EUR,0.987,0.9864
359,2011-06-27T00:00:00,USD,FRF,6.4748,6.4743
360,2011-06-27T00:00:00,USD,GBP,0.6168,0.6159
361,2011-06-27T00:00:00,USD,JPY,102.42,102.409
362,2011-06-27T00:00:00,USD,MXN,9.39,9.38
363,2011-06-27T00:00:00,USD,SAR,3.7507,3.744
364,2011-06-27T00:00:00,USD,VEB,642.5,642.5
365,2011-06-28T00:00:00,USD,ARS,0.9996,1.0002
366,2011-06-28T00:00:00,USD,AUD,1.5743,1.5748
367,2011-06-28T00:00:00,USD,BRL,1.857,1.86
368,2011-06-28T00:00:00,USD,CAD,1.4792,1.4835
369,2011-06-28T00:00:00,USD,CNY,8.237,8.2376
370,2011-06-28T00:00:00,USD,DEM,1.9317,1.9319
371,2011-06-28T00:00:00,USD,EUR,0.9877,0.9885
372,2011-06-28T00:00:00,USD,FRF,6.4786,6.4791
373,2011-06-28T00:00:00,USD,GBP,0.616,0.6162
374,2011-06-28T00:00:00,USD,JPY,102.68,102.768
375,2011-06-28T00:00:00,USD,MXN,9.4169,9.425
376,2011-06-28T00:00:00,USD,SAR,3.7507,3.753
377,2011-06-28T00:00:00,USD,VEB,643.0,643.0099
378,2011-06-29T00:00:00,USD,ARS,0.9996,0.999
379,2011-06-29T00:00:00,USD,AUD,1.5741,1.5738
380,2011-06-29T00:00:00,USD,BRL,1.848,1.841
381,2011-06-29T00:00:00,USD,CAD,1.4812,1.4774
382,2011-06-29T00:00:00,USD,CNY,8.2794,8.2789
383,2011-06-29T00:00:00,USD,DEM,1.9441,1.9437
384,2011-06-29T00:00:00,USD,EUR,0.9939,0.9936
385,2011-06-29T00:00:00,USD,FRF,6.5204,6.5199
386,2011-06-29T00:00:00,USD,GBP,0.619,0.6189
387,2011-06-29T00:00:00,USD,JPY,103.36,103.298
388,2011-06-29T00:00:00,USD,MXN,9.4139,9.406
389,2011-06-29T00:00:00,USD,SAR,3.7507,3.7458
390,2011-06-29T00:00:00,USD,VEB,643.8999,643.7999
391,2011-06-30T00:00:00,USD,ARS,0.9996,1.0001
392,2011-06-30T00:00:00,USD,AUD,1.5748,1.5749
393,2011-06-30T00:00:00,USD,BRL,1.852,1.858
394,2011-06-30T00:00:00,USD,CAD,1.4842,1.4857
395,2011-06-30T00:00:00,USD,CNY,8.2794,8.2799
396,2011-06-30T00:00:00,USD,DEM,1.949,1.9494
397,2011-06-30T00:00:00,USD,EUR,0.9965,0.9967
398,2011-06-30T00:00:00,USD,FRF,6.5366,6.5368
399,2011-06-30T00:00:00,USD,GBP,0.6226,0.6227
400,2011-06-30T00:00:00,USD,JPY,103.58,103.631
401,2011-06-30T00:00:00,USD,MXN,9.3819,9.3889
402,2011-06-30T00:00:00,USD,SAR,3.7507,3.7534
403,2011-06-30T00:00:00,USD,VEB,644.0,644.0299
404,2011-07-01T00:00:00,USD,ARS,0.9996,0.9989
405,2011-07-01T00:00:00,USD,AUD,1.5601,1.5593
406,2011-07-01T00:00:00,USD,BRL,1.8425,1.837
407,2011-07-01T00:00:00,USD,CAD,1.4782,1.4773
408,2011-07-01T00:00:00,USD,CNY,8.2794,8.2788
409,2011-07-01T00:00:00,USD,DEM,1.928,1.9271
410,2011-07-01T00:00:00,USD,EUR,0.9858,0.9854
411,2011-07-01T00:00:00,USD,FRF,6.4664,6.4661
412,2011-07-01T00:00:00,USD,GBP,0.6198,0.6189
413,2011-07-01T00:00:00,USD,JPY,103.0,102.995
414,2011-07-01T00:00:00,USD,MXN,9.365,9.3559
415,2011-07-01T00:00:00,USD,SAR,3.7505,3.7467
416,2011-07-01T00:00:00,USD,VEB,644.0,643.9299
417,2011-07-02T00:00:00,USD,ARS,0.9996,1.0004
418,2011-07-02T00:00:00,USD,AUD,1.5564,1.5568
419,2011-07-02T00:00:00,USD,BRL,1.8169,1.822
420,2011-07-02T00:00:00,USD,CAD,1.4778,1.48
421,2011-07-02T00:00:00,USD,CNY,8.2794,8.2796
422,2011-07-02T00:00:00,USD,DEM,1.9145,1.9147
423,2011-07-02T00:00:00,USD,EUR,0.9788,0.9797
424,2011-07-02T00:00:00,USD,FRF,6.4208,6.4211
425,2011-07-02T00:00:00,USD,GBP,0.6205,0.621
426,2011-07-02T00:00:00,USD,JPY,103.1,103.119
427,2011-07-02T00:00:00,USD,MXN,9.3399,9.343
428,2011-07-02T00:00:00,USD,SAR,3.7505,3.7605
429,2011-07-02T00:00:00,USD,VEB,644.25,644.33
430,2011-07-03T00:00:00,USD,ARS,0.9996,0.999
431,2011-07-03T00:00:00,USD,AUD,1.5564,1.5557
432,2011-07-03T00:00:00,USD,BRL,1.8109,1.804
433,2011-07-03T00:00:00,USD,CAD,1.4755,1.4711
434,2011-07-03T00:00:00,USD,CNY,8.2794,8.2786
435,2011-07-03T00:00:00,USD,DEM,1.9413,1.9403
436,2011-07-03T00:00:00,USD,EUR,0.9926,0.9918
437,2011-07-03T00:00:00,USD,FRF,6.5106,6.5098
438,2011-07-03T00:00:00,USD,GBP,0.6231,0.6226
439,2011-07-03T00:00:00,USD,JPY,103.28,103.262
440,2011-07-03T00:00:00,USD,MXN,9.3399,9.3379
441,2011-07-03T00:00:00,USD,SAR,3.7507,3.7486
442,2011-07-03T00:00:00,USD,VEB,644.05,644.0
443,2011-07-04T00:00:00,USD,ARS,0.9996,0.9997
444,2011-07-04T00:00:00,USD,AUD,1.5564,1.557
445,2011-07-04T00:00:00,USD,BRL,1.8109,1.82
446,2011-07-04T00:00:00,USD,CAD,1.4777,1.4859
447,2011-07-04T00:00:00,USD,CNY,8.2794,8.2797
448,2011-07-04T00:00:00,USD,DEM,1.94,1.9403
449,2011-07-04T00:00:00,USD,EUR,0.9919,0.9925
450,2011-07-04T00:00:00,USD,FRF,6.5068,6.5072
451,2011-07-04T00:00:00,USD,GBP,0.6228,0.623
452,2011-07-04T00:00:00,USD,JPY,103.17,103.179
453,2011-07-04T00:00:00,USD,MXN,9.3399,9.348
454,2011-07-04T00:00:00,USD,SAR,3.7507,3.7551
455,2011-07-04T00:00:00,USD,VEB,644.05,644.0599
456,2011-07-05T00:00:00,USD,ARS,0.9996,0.9991
457,2011-07-05T00:00:00,USD,AUD,1.5579,1.5573
458,2011-07-05T00:00:00,USD,BRL,1.8109,1.8009
459,2011-07-05T00:00:00,USD,CAD,1.4801,1.4726
460,2011-07-05T00:00:00,USD,CNY,8.2794,8.2789
461,2011-07-05T00:00:00,USD,DEM,1.9399,1.9391
462,2011-07-05T00:00:00,USD,EUR,0.9919,0.9917
463,2011-07-05T00:00:00,USD,FRF,6.5061,6.5061
464,2011-07-05T00:00:00,USD,GBP,0.6225,0.622
465,2011-07-05T00:00:00,USD,JPY,102.91,102.821
466,2011-07-05T00:00:00,USD,MXN,9.3399,9.335
467,2011-07-05T00:00:00,USD,SAR,3.7507,3.7446
468,2011-07-05T00:00:00,USD,VEB,644.05,644.0499
469,2011-07-06T00:00:00,USD,ARS,0.9996,1.0004
470,2011-07-06T00:00:00,USD,AUD,1.5551,1.5551
471,2011-07-06T00:00:00,USD,BRL,1.827,1.833
472,2011-07-06T00:00:00,USD,CAD,1.4802,1.4825
473,2011-07-06T00:00:00,USD,CNY,8.2794,8.28
474,2011-07-06T00:00:00,USD,DEM,1.9374,1.9375
475,2011-07-06T00:00:00,USD,EUR,0.9906,0.9913
476,2011-07-06T00:00:00,USD,FRF,6.4977,6.4981
477,2011-07-06T00:00:00,USD,GBP,0.6212,0.6216
478,2011-07-06T00:00:00,USD,JPY,102.2,102.22
479,2011-07-06T00:00:00,USD,MXN,9.319,9.3239
480,2011-07-06T00:00:00,USD,SAR,3.7507,3.7591
481,2011-07-06T00:00:00,USD,VEB,644.25,644.33
482,2011-07-07T00:00:00,USD,ARS,0.9996,0.9991
483,2011-07-07T00:00:00,USD,AUD,1.5516,1.5508
484,2011-07-07T00:00:00,USD,BRL,1.821,1.818
485,2011-07-07T00:00:00,USD,CAD,1.4772,1.4712
486,2011-07-07T00:00:00,USD,CNY,8.2794,8.2794
487,2011-07-07T00:00:00,USD,DEM,1.9402,1.9395
488,2011-07-07T00:00:00,USD,EUR,0.992,0.9917
489,2011-07-07T00:00:00,USD,FRF,6.5075,6.5065
490,2011-07-07T00:00:00,USD,GBP,0.621,0.6206
491,2011-07-07T00:00:00,USD,JPY,101.72,101.646
492,2011-07-07T00:00:00,USD,MXN,9.317,9.3119
493,2011-07-07T00:00:00,USD,SAR,3.7505,3.7462
494,2011-07-07T00:00:00,USD,VEB,645.0099,644.95
495,2011-07-08T00:00:00,USD,ARS,0.9996,1.0
496,2011-07-08T00:00:00,USD,AUD,1.5528,1.5529
497,2011-07-08T00:00:00,USD,BRL,1.83,1.833
498,2011-07-08T00:00:00,USD,CAD,1.4755,1.4782
499,2011-07-08T00:00:00,USD,CNY,8.2795,8.2797
500,2011-07-08T00:00:00,USD,DEM,1.9379,1.9387
